step,avg_radius
0,48.407061719925416
1,49.814686376467776
2,50.33439937495828
3,49.97257907332995
4,49.21704521276003
5,47.36428489744326
6,46.16612190763167
7,44.66071498705683
8,39.85528559497452
9,40.746447931813904
10,45.958539674821004
11,44.48759467258652
12,45.874943822394584
13,48.43284900165828
14,48.12854652259435
15,48.770072380402056
16,48.59724767149204
17,47.699410490901386
18,49.17874836777411
19,49.33224789070661
20,48.88073094440224
21,48.75631473777209
22,48.9242538510534
23,48.7395664075235
24,48.72348120212806
25,48.80630753516609
26,49.15429448498126
27,49.12973694018038
28,49.21047561242178
29,49.12440531058803
30,49.04238911465653
31,49.18577570664345
32,49.29759289337027
33,49.27288777969776
34,49.339396115143096
35,49.23067109966006
36,49.253202123463026
37,49.13879699549199
38,49.14625218025838
39,49.10510638328661
40,49.086018567054936
41,49.091368005270986
42,49.061762791129105
43,49.0798026100795
44,49.09794749188196
45,49.08181159650282
46,49.082680000444874
47,49.06834789071599
48,49.0484834162667
49,49.046946120615104
50,49.04708538675401
51,49.0146816658013
52,48.98165419338527
53,48.96312116955471
54,48.97594143202105
55,48.94372162723026
56,48.935622663686054
57,48.95062556273516
58,48.96844417883376
59,48.95298139187536
60,48.94639343195408
61,48.95089637958441
62,48.93920945987401
63,48.938923799368965
64,48.943261566850815
65,48.93770011619004
66,48.93594037803434
67,48.93913259640554
68,48.954181607420146
69,48.93337830615171
70,48.93194354196431
71,48.94213160820776
72,48.93558255635491
73,48.93182823880631
74,48.93295135646887
75,48.931079120542805
76,48.938719348435995
77,48.92998622813245
78,48.93639557007524
79,48.929585092961005
80,48.9372665806033
81,48.94757310580868
82,48.942562619384745
83,48.95332210323909
84,48.95868094010419
85,48.94893326550356
86,48.948313221212665
87,48.94824325881641
88,48.95064159062315
89,48.956250759226876
90,48.952072069873324
91,48.95057232571533
92,48.94431886441558
93,48.945549996353606
94,48.94434586785755
95,48.936663918663555
96,48.93112590924203
97,48.93728518799051
98,48.93672044622071
99,48.94018659027268
100,48.9386974681992
101,48.948207083480476
102,48.93726583321716
103,48.94206260592655
104,48.93591582444096
105,48.93131192764199
106,48.93588592781209
107,48.934021182574625
108,48.93186036551858
109,48.92973622451893
110,48.922336267099574
111,48.92124701277824
112,48.92643528960293
113,48.92763171268254
114,48.922185892494205
115,48.92885651020194
116,48.93234316553396
117,48.93626109788446
118,48.9353084023273
119,48.93861439020285
120,48.9430089259441
121,48.94023416162611
122,48.93760684534401
123,48.93888182351947
124,48.9420936965736
125,48.940607257746535
126,48.94243807701303
127,48.94487739237391
128,48.946978218980576
129,48.949638898123936
130,48.95054313986172
131,48.948724295080375
132,48.95111469215722
133,48.95189660649117
134,48.95439216509057
135,48.95413877677357
136,48.95266532026277
137,48.954465997285574
138,48.95758232018436
139,48.95841555532397
140,48.95827386664086
141,48.95581916888783
142,48.954484962711156
143,48.95445542182155
144,48.95130631815331
145,48.95568735148454
146,48.95510805425141
147,48.954640968751484
148,48.9537007434384
149,48.95351708514067
150,48.95313318553474
151,48.95151003486638
152,48.95031147620256
153,48.950760727463035
154,48.9504010549622
155,48.954498223028196
156,48.957730111154454
157,48.95977431810426
158,48.95549732823191
159,48.95585356302571
160,48.95739168556959
161,48.96180311582588
162,48.96157553739797
163,48.95850457975261
164,48.96026865597213
165,48.95815899814494
166,48.95731164248451
167,48.95768006891633
168,48.95759135901068
169,48.95641756214725
170,48.9565904217169
171,48.95592963145131
172,48.95994675418207
173,48.960908327217254
174,48.95632754196033
175,48.95647074129102
176,48.95647074129102
177,48.954115643837284
178,48.954115643837284
179,48.95283982560138
180,48.95485488794816
181,48.95755155113184
182,48.957295197429296
183,48.962583809678804
184,48.96400589058228
185,48.95959088005249
186,48.961204612550056
187,48.96390503787199
188,48.96460486827167
189,48.963614665857655
190,48.96570097537455
191,48.96435825763157
192,48.96391943233408
193,48.963933590868635
194,48.96549105983692
195,48.96658249256514
196,48.96730203620996
197,48.96937224286881
198,48.96937224286881
199,48.9692764150674
200,48.9692764150674
201,48.97186177887777
202,48.97430434245358
203,48.97430434245358
204,48.97430434245358
205,48.97531673133845
206,48.97388793333229
207,48.97325773725777
208,48.970800806683464
209,48.972636236744044
210,48.972636236744044
211,48.97026391384712
212,48.970359634487366
213,48.97088480200258
214,48.9709563004635
215,48.97081074552349
216,48.971325702243035
217,48.97049117573489
218,48.970856113316806
219,48.970856113316806
220,48.9745251187111
221,48.97097540209411
222,48.97068579115979
223,48.97068579115979
224,48.97044433718708
225,48.97049122505653
226,48.96913347192151
227,48.96938138629173
228,48.96866255728069
229,48.96866255728069
230,48.968027538295935
231,48.96767997117276
232,48.96584174063359
233,48.96559404249096
234,48.96524824206989
235,48.96712895764864
236,48.967819241450755
237,48.967819241450755
238,48.96532397530074
239,48.966375472948414
240,48.966375472948414
241,48.966375472948414
242,48.96574015899512
243,48.96861574679917
244,48.96861574679917
245,48.96861574679917
246,48.96861574679917
247,48.968961383736385
248,48.968961383736385
249,48.967686996102024
250,48.96662620625531
251,48.967984195494104
252,48.96672150040429
253,48.967189541697365
254,48.96993435904135
255,48.96993435904135
256,48.96993435904135
257,48.96993435904135
258,48.97146446943061
259,48.972299518169606
260,48.97292479485562
261,48.97317531349534
262,48.97317531349534
263,48.97450703990139
264,48.975086495011865
265,48.97466349358231
266,48.975086495011865
267,48.97466349358231
268,48.970144961494626
269,48.97061225663832
270,48.972262370808984
271,48.972262370808984
272,48.96848089814565
273,48.96848089814565
274,48.97020439215483
275,48.97020439215483
276,48.97020439215483
277,48.97020439215483
278,48.97076872580879
279,48.97076872580879
280,48.97076872580879
281,48.973218576807625
282,48.973218576807625
283,48.973218576807625
284,48.973218576807625
285,48.973218576807625
286,48.973218576807625
287,48.973218576807625
288,48.973218576807625
289,48.973218576807625
290,48.973218576807625
291,48.973218576807625
292,48.973218576807625
293,48.973218576807625
294,48.973218576807625
295,48.973218576807625
296,48.973218576807625
297,48.97565310008298
298,48.97349142712657
299,48.97349142712657
300,48.97349142712657
301,48.97349142712657
302,48.97349142712657
303,48.97349142712657
304,48.97349142712657
305,48.97349142712657
306,48.97349142712657
307,48.97295963325838
308,48.97295963325838
309,48.97295798254311
310,48.97295798254311
311,48.97295798254311
312,48.972643994996965
313,48.97515897314589
314,48.97480558773359
315,48.97480558773359
316,48.97480558773359
317,48.97480558773359
318,48.97480558773359
319,48.97480558773359
320,48.97480558773359
321,48.97480558773359
322,48.97480558773359
323,48.97480558773359
324,48.97480558773359
325,48.97346660272451
326,48.97480712547848
327,48.97480712547848
328,48.97480712547848
329,48.97598887615513
330,48.97480712547848
331,48.973724691663236
332,48.973724691663236
333,48.973724691663236
334,48.973724691663236
335,48.973724691663236
336,48.973724691663236
337,48.97688908472758
338,48.976000248178
339,48.97480712547848
340,48.97480712547848
341,48.97480712547848
342,48.97480712547848
343,48.97480712547848
344,48.97511911856439
345,48.97480712547848
346,48.97480712547848
347,48.97480712547848
348,48.97480712547848
349,48.97480712547848
350,48.97480712547848
351,48.97480712547848
352,48.97480712547848
353,48.97480712547848
354,48.97480712547848
355,48.97480712547848
356,48.97480712547848
357,48.97480712547848
358,48.97480712547848
359,48.97480712547848
360,48.97480712547848
361,48.97480712547848
362,48.97480712547848
363,48.97480712547848
364,48.97480712547848
365,48.97480712547848
366,48.97480712547848
367,48.97480712547848
368,48.97480712547848
369,48.97480712547848
370,48.97480712547848
371,48.97480712547848
372,48.97480712547848
373,48.97480712547848
374,48.97480712547848
375,48.97480712547848
376,48.97480712547848
377,48.97480712547848
378,48.97480712547848
379,48.97480712547848
380,48.97480712547848
381,48.97480712547848
382,48.97480712547848
383,48.97480712547848
384,48.97480712547848
385,48.97480712547848
386,48.97480712547848
387,48.97480712547848
388,48.97480712547848
389,48.97480712547848
390,48.97480712547848
391,48.97480712547848
392,48.97480712547848
393,48.97480712547848
394,48.97480712547848
395,48.97480712547848
396,48.97480712547848
397,48.97480712547848
398,48.97480712547848
399,48.97480712547848
400,48.97480712547848
401,48.97480712547848
402,48.97480712547848
403,48.97480712547848
404,48.97480712547848
405,48.97480712547848
406,48.97480712547848
407,48.97480712547848
408,48.97480712547848
409,48.97480712547848
410,48.97480712547848
411,48.97480712547848
412,48.97480712547848
413,48.97480712547848
414,48.97480712547848
415,48.97480712547848
416,48.97480712547848
417,48.97480712547848
418,48.97480712547848
419,48.97480712547848
420,48.97480712547848
421,48.97480712547848
422,48.97480712547848
423,48.97480712547848
424,48.97480712547848
425,48.97480712547848
426,48.97480712547848
427,48.97480712547848
428,48.97480712547848
429,48.97480712547848
430,48.97480712547848
431,48.97480712547848
432,48.97480712547848
433,48.97480712547848
434,48.97480712547848
435,48.97480712547848
436,48.97480712547848
437,48.97480712547848
438,48.97480712547848
439,48.97480712547848
440,48.97480712547848
441,48.97480712547848
442,48.97480712547848
443,48.97480712547848
444,48.97480712547848
445,48.97480712547848
446,48.97480712547848
447,48.97480712547848
448,48.97480712547848
449,48.97480712547848
450,48.97480712547848
451,48.97480712547848
452,48.97480712547848
453,48.97480712547848
454,48.97480712547848
455,48.97480712547848
456,48.97480712547848
457,48.97480712547848
458,48.97480712547848
459,48.97480712547848
460,48.97480712547848
461,48.97480712547848
462,48.97480712547848
463,48.97480712547848
464,48.97480712547848
465,48.97480712547848
466,48.97480712547848
467,48.97480712547848
468,48.97480712547848
469,48.97480712547848
470,48.97480712547848
471,48.97480712547848
472,48.97480712547848
473,48.97480712547848
474,48.97480712547848
475,48.97480712547848
476,48.97480712547848
477,48.97480712547848
478,48.97480712547848
479,48.97480712547848
480,48.97480712547848
481,48.97480712547848
482,48.97480712547848
483,48.97480712547848
484,48.97480712547848
485,48.97480712547848
486,48.97480712547848
487,48.97480712547848
488,48.97480712547848
489,48.97480712547848
490,48.97480712547848
491,48.97480712547848
492,48.97480712547848
493,48.97480712547848
494,48.97480712547848
495,48.97480712547848
496,48.97480712547848
497,48.97480712547848
498,48.97480712547848
499,48.97480712547848
500,48.97480712547848
501,48.97480712547848
502,48.97480712547848
503,48.97480712547848
504,48.97480712547848
505,48.97480712547848
506,48.97480712547848
507,48.97480712547848
508,48.97480712547848
509,48.97480712547848
510,48.97480712547848
511,48.97480712547848
512,48.97480712547848
513,48.97480712547848
514,48.97480712547848
515,48.97480712547848
516,48.97480712547848
517,48.97480712547848
518,48.97480712547848
519,48.97480712547848
520,48.97480712547848
521,48.97480712547848
522,48.97480712547848
523,48.97480712547848
524,48.97480712547848
525,48.97480712547848
526,48.97480712547848
527,48.97480712547848
528,48.97480712547848
529,48.97480712547848
530,48.97480712547848
531,48.97480712547848
532,48.97480712547848
533,48.97480712547848
534,48.97480712547848
535,48.97480712547848
536,48.97480712547848
537,48.97480712547848
538,48.97480712547848
539,48.97480712547848
540,48.97480712547848
541,48.97480712547848
542,48.97480712547848
543,48.97480712547848
544,48.97480712547848
545,48.97480712547848
546,48.97480712547848
547,48.97480712547848
548,48.97480712547848
549,48.97480712547848
550,48.97480712547848
551,48.97480712547848
552,48.97480712547848
553,48.97480712547848
554,48.97480712547848
555,48.97480712547848
556,48.97480712547848
557,48.97480712547848
558,48.97480712547848
559,48.97480712547848
560,48.97480712547848
561,48.97480712547848
562,48.97480712547848
563,48.97480712547848
564,48.97480712547848
565,48.97480712547848
566,48.97480712547848
567,48.97480712547848
568,48.97480712547848
569,48.97480712547848
570,48.97480712547848
571,48.97480712547848
572,48.97480712547848
573,48.97480712547848
574,48.97480712547848
575,48.97480712547848
576,48.97480712547848
577,48.97480712547848
578,48.97480712547848
579,48.97480712547848
580,48.97480712547848
581,48.97480712547848
582,48.97480712547848
583,48.97480712547848
584,48.97480712547848
585,48.97480712547848
586,48.97480712547848
587,48.97480712547848
588,48.97480712547848
589,48.97480712547848
590,48.97480712547848
591,48.97480712547848
592,48.97480712547848
593,48.97480712547848
594,48.97480712547848
595,48.97480712547848
596,48.97480712547848
597,48.97480712547848
598,48.97480712547848
599,48.97480712547848
600,48.97480712547848
601,48.97480712547848
602,48.97480712547848
603,48.97480712547848
604,48.97480712547848
605,48.97480712547848
606,48.97480712547848
607,48.97480712547848
608,48.97480712547848
609,48.97480712547848
610,48.97480712547848
611,48.97480712547848
612,48.97480712547848
613,48.97480712547848
614,48.97480712547848
615,48.97480712547848
616,48.97480712547848
617,48.97480712547848
618,48.97480712547848
619,48.97480712547848
620,48.97480712547848
621,48.97480712547848
622,48.97480712547848
623,48.97480712547848
624,48.97480712547848
625,48.97480712547848
626,48.97480712547848
627,48.97480712547848
628,48.97480712547848
629,48.97480712547848
630,48.97480712547848
631,48.97480712547848
632,48.97480712547848
633,48.97480712547848
634,48.97480712547848
635,48.97480712547848
636,48.97480712547848
637,48.97480712547848
638,48.97480712547848
639,48.97480712547848
640,48.97480712547848
641,48.97480712547848
642,48.97480712547848
643,48.97480712547848
644,48.97480712547848
645,48.97480712547848
646,48.97480712547848
647,48.97480712547848
648,48.97480712547848
649,48.97480712547848
650,48.97480712547848
651,48.97480712547848
652,48.97480712547848
653,48.97480712547848
654,48.97480712547848
655,48.97480712547848
656,48.97480712547848
657,48.97480712547848
658,48.97480712547848
659,48.97480712547848
660,48.97480712547848
661,48.97480712547848
662,48.97480712547848
663,48.97480712547848
664,48.97480712547848
665,48.97480712547848
666,48.97480712547848
667,48.97480712547848
668,48.97480712547848
669,48.97480712547848
670,48.97480712547848
671,48.97480712547848
672,48.97480712547848
673,48.97480712547848
674,48.97480712547848
675,48.97480712547848
676,48.97480712547848
677,48.97480712547848
678,48.97480712547848
679,48.97480712547848
680,48.97480712547848
681,48.97480712547848
682,48.97480712547848
683,48.97480712547848
684,48.97480712547848
685,48.97480712547848
686,48.97480712547848
687,48.97480712547848
688,48.97480712547848
689,48.97480712547848
690,48.97480712547848
691,48.97480712547848
692,48.97480712547848
693,48.97480712547848
694,48.97480712547848
695,48.97480712547848
696,48.97480712547848
697,48.97480712547848
698,48.97480712547848
699,48.97480712547848
700,48.97480712547848
701,48.97480712547848
702,48.97480712547848
703,48.97480712547848
704,48.97480712547848
705,48.97480712547848
706,48.97480712547848
707,48.97480712547848
708,48.97480712547848
709,48.97480712547848
710,48.97480712547848
711,48.97480712547848
712,48.97480712547848
713,48.97480712547848
714,48.97480712547848
715,48.97480712547848
716,48.97480712547848
717,48.97480712547848
718,48.97480712547848
719,48.97480712547848
720,48.97480712547848
721,48.97480712547848
722,48.97480712547848
723,48.97480712547848
724,48.97480712547848
725,48.97480712547848
726,48.97480712547848
727,48.97480712547848
728,48.97480712547848
729,48.97480712547848
730,48.97480712547848
731,48.97480712547848
732,48.97480712547848
733,48.97480712547848
734,48.97480712547848
735,48.97480712547848
736,48.97480712547848
737,48.97480712547848
738,48.97480712547848
739,48.97480712547848
740,48.97480712547848
741,48.97480712547848
742,48.97480712547848
743,48.97480712547848
744,48.97480712547848
745,48.97480712547848
746,48.97480712547848
747,48.97480712547848
748,48.97480712547848
749,48.97480712547848
750,48.97480712547848
751,48.97480712547848
752,48.97480712547848
753,48.97480712547848
754,48.97480712547848
755,48.97480712547848
756,48.97480712547848
757,48.97480712547848
758,48.97480712547848
759,48.97480712547848
760,48.97480712547848
761,48.97480712547848
762,48.97480712547848
763,48.97480712547848
764,48.97480712547848
765,48.97480712547848
766,48.97480712547848
767,48.97480712547848
768,48.97480712547848
769,48.97480712547848
770,48.97480712547848
771,48.97480712547848
772,48.97480712547848
773,48.97480712547848
774,48.97480712547848
775,48.97480712547848
776,48.97480712547848
777,48.97480712547848
778,48.97480712547848
779,48.97480712547848
780,48.97480712547848
781,48.97480712547848
782,48.97480712547848
783,48.97480712547848
784,48.97480712547848
785,48.97480712547848
786,48.97480712547848
787,48.97480712547848
788,48.97480712547848
789,48.97480712547848
790,48.97480712547848
791,48.97480712547848
792,48.97480712547848
793,48.97480712547848
794,48.97480712547848
795,48.97480712547848
796,48.97480712547848
797,48.97480712547848
798,48.97480712547848
799,48.97480712547848
800,48.97480712547848
801,48.97480712547848
802,48.97480712547848
803,48.97480712547848
804,48.97480712547848
805,48.97480712547848
806,48.97480712547848
807,48.97480712547848
808,48.97480712547848
809,48.97480712547848
810,48.97480712547848
811,48.97480712547848
812,48.97480712547848
813,48.97480712547848
814,48.97480712547848
815,48.97480712547848
816,48.97480712547848
817,48.97480712547848
818,48.97480712547848
819,48.97480712547848
820,48.97480712547848
821,48.97480712547848
822,48.97480712547848
823,48.97480712547848
824,48.97480712547848
825,48.97480712547848
826,48.97480712547848
827,48.97480712547848
828,48.97480712547848
829,48.97480712547848
830,48.97480712547848
831,48.97480712547848
832,48.97480712547848
833,48.97480712547848
834,48.97480712547848
835,48.97480712547848
836,48.97480712547848
837,48.97480712547848
838,48.97480712547848
839,48.97480712547848
840,48.97480712547848
841,48.97480712547848
842,48.97480712547848
843,48.97480712547848
844,48.97480712547848
845,48.97480712547848
846,48.97480712547848
847,48.97480712547848
848,48.97480712547848
849,48.97480712547848
850,48.97480712547848
851,48.97480712547848
852,48.97480712547848
853,48.97480712547848
854,48.97480712547848
855,48.97480712547848
856,48.97480712547848
857,48.97480712547848
858,48.97480712547848
859,48.97480712547848
860,48.97480712547848
861,48.97480712547848
862,48.97480712547848
863,48.97480712547848
864,48.97480712547848
865,48.97480712547848
866,48.97480712547848
867,48.97480712547848
868,48.97480712547848
869,48.97480712547848
870,48.97480712547848
871,48.97480712547848
872,48.97480712547848
873,48.97480712547848
874,48.97480712547848
875,48.97480712547848
876,48.97480712547848
877,48.97480712547848
878,48.97480712547848
879,48.97480712547848
880,48.97480712547848
881,48.97480712547848
882,48.97480712547848
883,48.97480712547848
884,48.97480712547848
885,48.97480712547848
886,48.97480712547848
887,48.97480712547848
888,48.97480712547848
889,48.97480712547848
890,48.97480712547848
891,48.97480712547848
892,48.97480712547848
893,48.97480712547848
894,48.97480712547848
895,48.97480712547848
896,48.97480712547848
897,48.97480712547848
898,48.97480712547848
899,48.97480712547848
900,48.97480712547848
901,48.97480712547848
902,48.97480712547848
903,48.97480712547848
904,48.97480712547848
905,48.97480712547848
906,48.97480712547848
907,48.97480712547848
908,48.97480712547848
909,48.97480712547848
910,48.97480712547848
911,48.97480712547848
912,48.97480712547848
913,48.97480712547848
914,48.97480712547848
915,48.97480712547848
916,48.97480712547848
917,48.97480712547848
918,48.97480712547848
919,48.97480712547848
920,48.97480712547848
921,48.97480712547848
922,48.97480712547848
923,48.97480712547848
924,48.97480712547848
925,48.97480712547848
926,48.97480712547848
927,48.97480712547848
928,48.97480712547848
929,48.97480712547848
930,48.97480712547848
931,48.97480712547848
932,48.97480712547848
933,48.97480712547848
934,48.97480712547848
935,48.97480712547848
936,48.97480712547848
937,48.97480712547848
938,48.97480712547848
939,48.97480712547848
940,48.97480712547848
941,48.97480712547848
942,48.97480712547848
943,48.97480712547848
944,48.97480712547848
945,48.97480712547848
946,48.97480712547848
947,48.97480712547848
948,48.97480712547848
949,48.97480712547848
950,48.97480712547848
951,48.97480712547848
952,48.97480712547848
953,48.97480712547848
954,48.97480712547848
955,48.97480712547848
956,48.97480712547848
957,48.97480712547848
958,48.97480712547848
959,48.97480712547848
960,48.97480712547848
961,48.97480712547848
962,48.97480712547848
963,48.97480712547848
964,48.97480712547848
965,48.97480712547848
966,48.97480712547848
967,48.97480712547848
968,48.97480712547848
969,48.97480712547848
970,48.97480712547848
971,48.97480712547848
972,48.97480712547848
973,48.97480712547848
974,48.97480712547848
975,48.97480712547848
976,48.97480712547848
977,48.97480712547848
978,48.97480712547848
979,48.97480712547848
980,48.97480712547848
981,48.97480712547848
982,48.97480712547848
983,48.97480712547848
984,48.97480712547848
985,48.97480712547848
986,48.97480712547848
987,48.97480712547848
988,48.97480712547848
989,48.97480712547848
990,48.97480712547848
991,48.97480712547848
992,48.97480712547848
993,48.97480712547848
994,48.97480712547848
995,48.97480712547848
996,48.97480712547848
997,48.97480712547848
998,48.97480712547848
999,48.97480712547848
1000,48.97480712547848
1001,48.97480712547848
1002,48.97480712547848
1003,48.97480712547848
1004,48.97480712547848
1005,48.97480712547848
1006,48.97480712547848
1007,48.97480712547848
1008,48.97480712547848
1009,48.97480712547848
1010,48.97480712547848
1011,48.97480712547848
1012,48.97480712547848
1013,48.97480712547848
1014,48.97480712547848
1015,48.97480712547848
1016,48.97480712547848
1017,48.97480712547848
1018,48.97480712547848
1019,48.97480712547848
1020,48.97480712547848
1021,48.97480712547848
1022,48.97480712547848
1023,48.97480712547848
1024,48.97480712547848
1025,48.97480712547848
1026,48.97480712547848
1027,48.97480712547848
1028,48.97480712547848
1029,48.97480712547848
1030,48.97480712547848
1031,48.97480712547848
1032,48.97480712547848
1033,48.97480712547848
1034,48.97480712547848
1035,48.97480712547848
1036,48.97480712547848
1037,48.97480712547848
1038,48.97480712547848
1039,48.97480712547848
1040,48.97480712547848
1041,48.97480712547848
1042,48.97480712547848
1043,48.97480712547848
1044,48.97480712547848
1045,48.97480712547848
1046,48.97480712547848
1047,48.97480712547848
1048,48.97480712547848
1049,48.97480712547848
1050,48.97480712547848
1051,48.97480712547848
1052,48.97480712547848
1053,48.97480712547848
1054,48.97480712547848
1055,48.97480712547848
1056,48.97480712547848
1057,48.97480712547848
1058,48.97480712547848
1059,48.97480712547848
1060,48.97480712547848
1061,48.97480712547848
1062,48.97480712547848
1063,48.97480712547848
1064,48.97480712547848
1065,48.97480712547848
1066,48.97480712547848
1067,48.97480712547848
1068,48.97480712547848
1069,48.97480712547848
1070,48.97480712547848
1071,48.97480712547848
1072,48.97480712547848
1073,48.97480712547848
1074,48.97480712547848
1075,48.97480712547848
1076,48.97480712547848
1077,48.97480712547848
1078,48.97480712547848
1079,48.97480712547848
1080,48.97480712547848
1081,48.97480712547848
1082,48.97480712547848
1083,48.97480712547848
1084,48.97480712547848
1085,48.97480712547848
1086,48.97480712547848
1087,48.97480712547848
1088,48.97480712547848
1089,48.97480712547848
1090,48.97480712547848
1091,48.97480712547848
1092,48.97480712547848
1093,48.97480712547848
1094,48.97480712547848
1095,48.97480712547848
1096,48.97480712547848
1097,48.97480712547848
1098,48.97480712547848
1099,48.97480712547848
1100,48.97480712547848
1101,48.97480712547848
1102,48.97480712547848
1103,48.97480712547848
1104,48.97480712547848
1105,48.97480712547848
1106,48.97480712547848
1107,48.97480712547848
1108,48.97480712547848
1109,48.97480712547848
1110,48.97480712547848
1111,48.97480712547848
1112,48.97480712547848
1113,48.97480712547848
1114,48.97480712547848
1115,48.97480712547848
1116,48.97480712547848
1117,48.97480712547848
1118,48.97480712547848
1119,48.97480712547848
1120,48.97480712547848
1121,48.97480712547848
1122,48.97480712547848
1123,48.97480712547848
1124,48.97480712547848
1125,48.97480712547848
1126,48.97480712547848
1127,48.97480712547848
1128,48.97480712547848
1129,48.97480712547848
1130,48.97480712547848
1131,48.97480712547848
1132,48.97480712547848
1133,48.97480712547848
1134,48.97480712547848
1135,48.97480712547848
1136,48.97480712547848
1137,48.97480712547848
1138,48.97480712547848
1139,48.97480712547848
1140,48.97480712547848
1141,48.97480712547848
1142,48.97480712547848
1143,48.97480712547848
1144,48.97480712547848
1145,48.97480712547848
1146,48.97480712547848
1147,48.97480712547848
1148,48.97480712547848
1149,48.97480712547848
1150,48.97480712547848
1151,48.97480712547848
1152,48.97480712547848
1153,48.97480712547848
1154,48.97480712547848
1155,48.97480712547848
1156,48.97480712547848
1157,48.97480712547848
1158,48.97480712547848
1159,48.97480712547848
1160,48.97480712547848
1161,48.97480712547848
1162,48.97480712547848
1163,48.97480712547848
1164,48.97480712547848
1165,48.97480712547848
1166,48.97480712547848
1167,48.97480712547848
1168,48.97480712547848
1169,48.97480712547848
1170,48.97480712547848
1171,48.97480712547848
1172,48.97480712547848
1173,48.97480712547848
1174,48.97480712547848
1175,48.97480712547848
1176,48.97480712547848
1177,48.97480712547848
1178,48.97480712547848
1179,48.97480712547848
1180,48.97480712547848
1181,48.97480712547848
1182,48.97480712547848
1183,48.97480712547848
1184,48.97480712547848
1185,48.97480712547848
1186,48.97480712547848
1187,48.97480712547848
1188,48.97480712547848
1189,48.97480712547848
1190,48.97480712547848
1191,48.97480712547848
1192,48.97480712547848
1193,48.97480712547848
1194,48.97480712547848
1195,48.97480712547848
1196,48.97480712547848
1197,48.97480712547848
1198,48.97480712547848
1199,48.97480712547848
1200,48.97480712547848
1201,48.97480712547848
1202,48.97480712547848
1203,48.97480712547848
1204,48.97480712547848
1205,48.97480712547848
1206,48.97480712547848
1207,48.97480712547848
1208,48.97480712547848
1209,48.97480712547848
1210,48.97480712547848
1211,48.97480712547848
1212,48.97480712547848
1213,48.97480712547848
1214,48.97480712547848
1215,48.97480712547848
1216,48.97480712547848
1217,48.97480712547848
1218,48.97480712547848
1219,48.97480712547848
1220,48.97480712547848
1221,48.97480712547848
1222,48.97480712547848
1223,48.97480712547848
1224,48.97480712547848
1225,48.97480712547848
1226,48.97480712547848
1227,48.97480712547848
1228,48.97480712547848
1229,48.97480712547848
1230,48.97480712547848
1231,48.97480712547848
1232,48.97480712547848
1233,48.97480712547848
1234,48.97480712547848
1235,48.97480712547848
1236,48.97480712547848
1237,48.97480712547848
1238,48.97480712547848
1239,48.97480712547848
1240,48.97480712547848
1241,48.97480712547848
1242,48.97480712547848
1243,48.97480712547848
1244,48.97480712547848
1245,48.97480712547848
1246,48.97480712547848
1247,48.97480712547848
1248,48.97480712547848
1249,48.97480712547848
1250,48.97480712547848
1251,48.97480712547848
1252,48.97480712547848
1253,48.97480712547848
1254,48.97480712547848
1255,48.97480712547848
1256,48.97480712547848
1257,48.97480712547848
1258,48.97480712547848
1259,48.97480712547848
1260,48.97480712547848
1261,48.97480712547848
1262,48.97480712547848
1263,48.97480712547848
1264,48.97480712547848
1265,48.97480712547848
1266,48.97480712547848
1267,48.97480712547848
1268,48.97480712547848
1269,48.97480712547848
1270,48.97480712547848
1271,48.97480712547848
1272,48.97480712547848
1273,48.97480712547848
1274,48.97480712547848
1275,48.97480712547848
1276,48.97480712547848
1277,48.97480712547848
1278,48.97480712547848
1279,48.97480712547848
1280,48.97480712547848
1281,48.97480712547848
1282,48.97480712547848
1283,48.97480712547848
1284,48.97480712547848
1285,48.97480712547848
1286,48.97480712547848
1287,48.97480712547848
1288,48.97480712547848
1289,48.97480712547848
1290,48.97480712547848
1291,48.97480712547848
1292,48.97480712547848
1293,48.97480712547848
1294,48.97480712547848
1295,48.97480712547848
1296,48.97480712547848
1297,48.97480712547848
1298,48.97480712547848
1299,48.97480712547848
1300,48.97480712547848
1301,48.97480712547848
1302,48.97480712547848
1303,48.97480712547848
1304,48.97480712547848
1305,48.97480712547848
1306,48.97480712547848
1307,48.97480712547848
1308,48.97480712547848
1309,48.97480712547848
1310,48.97480712547848
1311,48.97480712547848
1312,48.97480712547848
1313,48.97480712547848
1314,48.97480712547848
1315,48.97480712547848
1316,48.97480712547848
1317,48.97480712547848
1318,48.97480712547848
1319,48.97480712547848
1320,48.97480712547848
1321,48.97480712547848
1322,48.97480712547848
1323,48.97480712547848
1324,48.97480712547848
1325,48.97480712547848
1326,48.97480712547848
1327,48.97480712547848
1328,48.97480712547848
1329,48.97480712547848
1330,48.97480712547848
1331,48.97480712547848
1332,48.97480712547848
1333,48.97480712547848
1334,48.97480712547848
1335,48.97480712547848
1336,48.97480712547848
1337,48.97480712547848
1338,48.97480712547848
1339,48.97480712547848
1340,48.97480712547848
1341,48.97480712547848
1342,48.97480712547848
1343,48.97480712547848
1344,48.97480712547848
1345,48.97480712547848
1346,48.97480712547848
1347,48.97480712547848
1348,48.97480712547848
1349,48.97480712547848
1350,48.97480712547848
1351,48.97480712547848
1352,48.97480712547848
1353,48.97480712547848
1354,48.97480712547848
1355,48.97480712547848
1356,48.97480712547848
1357,48.97480712547848
1358,48.97480712547848
1359,48.97480712547848
1360,48.97480712547848
1361,48.97480712547848
1362,48.97480712547848
1363,48.97480712547848
1364,48.97480712547848
1365,48.97480712547848
1366,48.97480712547848
1367,48.97480712547848
1368,48.97480712547848
1369,48.97480712547848
1370,48.97480712547848
1371,48.97480712547848
1372,48.97480712547848
1373,48.97480712547848
1374,48.97480712547848
1375,48.97480712547848
1376,48.97480712547848
1377,48.97480712547848
1378,48.97480712547848
1379,48.97480712547848
1380,48.97480712547848
1381,48.97480712547848
1382,48.97480712547848
1383,48.97480712547848
1384,48.97480712547848
1385,48.97480712547848
1386,48.97480712547848
1387,48.97480712547848
1388,48.97480712547848
1389,48.97480712547848
1390,48.97480712547848
1391,48.97480712547848
1392,48.97480712547848
1393,48.97480712547848
1394,48.97480712547848
1395,48.97480712547848
1396,48.97480712547848
1397,48.97480712547848
1398,48.97480712547848
1399,48.97480712547848
1400,48.97480712547848
1401,48.97480712547848
1402,48.97480712547848
1403,48.97480712547848
1404,48.97480712547848
1405,48.97480712547848
1406,48.97480712547848
1407,48.97480712547848
1408,48.97480712547848
1409,48.97480712547848
1410,48.97480712547848
1411,48.97480712547848
1412,48.97480712547848
1413,48.97480712547848
1414,48.97480712547848
1415,48.97480712547848
1416,48.97480712547848
1417,48.97480712547848
1418,48.97480712547848
1419,48.97480712547848
1420,48.97480712547848
1421,48.97480712547848
1422,48.97480712547848
1423,48.97480712547848
1424,48.97480712547848
1425,48.97480712547848
1426,48.97480712547848
1427,48.97480712547848
1428,48.97480712547848
1429,48.97480712547848
1430,48.97480712547848
1431,48.97480712547848
1432,48.97480712547848
1433,48.97480712547848
1434,48.97480712547848
1435,48.97480712547848
1436,48.97480712547848
1437,48.97480712547848
1438,48.97480712547848
1439,48.97480712547848
1440,48.97480712547848
1441,48.97480712547848
1442,48.97480712547848
1443,48.97480712547848
1444,48.97480712547848
1445,48.97480712547848
1446,48.97480712547848
1447,48.97480712547848
1448,48.97480712547848
1449,48.97480712547848
1450,48.97480712547848
1451,48.97480712547848
1452,48.97480712547848
1453,48.97480712547848
1454,48.97480712547848
1455,48.97480712547848
1456,48.97480712547848
1457,48.97480712547848
1458,48.97480712547848
1459,48.97480712547848
1460,48.97480712547848
1461,48.97480712547848
1462,48.97480712547848
1463,48.97480712547848
1464,48.97480712547848
1465,48.97480712547848
1466,48.97480712547848
1467,48.97480712547848
1468,48.97480712547848
1469,48.97480712547848
1470,48.97480712547848
1471,48.97480712547848
1472,48.97480712547848
1473,48.97480712547848
1474,48.97480712547848
1475,48.97480712547848
1476,48.97480712547848
1477,48.97480712547848
1478,48.97480712547848
1479,48.97480712547848
1480,48.97480712547848
1481,48.97480712547848
1482,48.97480712547848
1483,48.97480712547848
1484,48.97480712547848
1485,48.97480712547848
1486,48.97480712547848
1487,48.97480712547848
1488,48.97480712547848
1489,48.97480712547848
1490,48.97480712547848
1491,48.97480712547848
1492,48.97480712547848
1493,48.97480712547848
1494,48.97480712547848
1495,48.97480712547848
1496,48.97480712547848
1497,48.97480712547848
1498,48.97480712547848
1499,48.97480712547848
1500,48.97480712547848
1501,48.97480712547848
1502,48.97480712547848
1503,48.97480712547848
1504,48.97480712547848
1505,48.97480712547848
1506,48.97480712547848
1507,48.97480712547848
1508,48.97480712547848
1509,48.97480712547848
1510,48.97480712547848
1511,48.97480712547848
1512,48.97480712547848
1513,48.97480712547848
1514,48.97480712547848
1515,48.97480712547848
1516,48.97480712547848
1517,48.97480712547848
1518,48.97480712547848
1519,48.97480712547848
1520,48.97480712547848
1521,48.97480712547848
1522,48.97480712547848
1523,48.97480712547848
1524,48.97480712547848
1525,48.97480712547848
1526,48.97480712547848
1527,48.97480712547848
1528,48.97480712547848
1529,48.97480712547848
1530,48.97480712547848
1531,48.97480712547848
1532,48.97480712547848
1533,48.97480712547848
1534,48.97480712547848
1535,48.97480712547848
1536,48.97480712547848
1537,48.97480712547848
1538,48.97480712547848
1539,48.97480712547848
1540,48.97480712547848
1541,48.97480712547848
1542,48.97480712547848
1543,48.97480712547848
1544,48.97480712547848
1545,48.97480712547848
1546,48.97480712547848
1547,48.97480712547848
1548,48.97480712547848
1549,48.97480712547848
1550,48.97480712547848
1551,48.97480712547848
1552,48.97480712547848
1553,48.97480712547848
1554,48.97480712547848
1555,48.97480712547848
1556,48.97480712547848
1557,48.97480712547848
1558,48.97480712547848
1559,48.97480712547848
1560,48.97480712547848
1561,48.97480712547848
1562,48.97480712547848
1563,48.97480712547848
1564,48.97480712547848
1565,48.97480712547848
1566,48.97480712547848
1567,48.97480712547848
1568,48.97480712547848
1569,48.97480712547848
1570,48.97480712547848
1571,48.97480712547848
1572,48.97480712547848
1573,48.97480712547848
1574,48.97480712547848
1575,48.97480712547848
1576,48.97480712547848
1577,48.97480712547848
1578,48.97480712547848
1579,48.97480712547848
1580,48.97480712547848
1581,48.97480712547848
1582,48.97480712547848
1583,48.97480712547848
1584,48.97480712547848
1585,48.97480712547848
1586,48.97480712547848
1587,48.97480712547848
1588,48.97480712547848
1589,48.97480712547848
1590,48.97480712547848
1591,48.97480712547848
1592,48.97480712547848
1593,48.97480712547848
1594,48.97480712547848
1595,48.97480712547848
1596,48.97480712547848
1597,48.97480712547848
1598,48.97480712547848
1599,48.97480712547848
1600,48.97480712547848
1601,48.97480712547848
1602,48.97480712547848
1603,48.97480712547848
1604,48.97480712547848
1605,48.97480712547848
1606,48.97480712547848
1607,48.97480712547848
1608,48.97480712547848
1609,48.97480712547848
1610,48.97480712547848
1611,48.97480712547848
1612,48.97480712547848
1613,48.97480712547848
1614,48.97480712547848
1615,48.97480712547848
1616,48.97480712547848
1617,48.97480712547848
1618,48.97480712547848
1619,48.97480712547848
1620,48.97480712547848
1621,48.97480712547848
1622,48.97480712547848
1623,48.97480712547848
1624,48.97480712547848
1625,48.97480712547848
1626,48.97480712547848
1627,48.97480712547848
1628,48.97480712547848
1629,48.97480712547848
1630,48.97480712547848
1631,48.97480712547848
1632,48.97480712547848
1633,48.97480712547848
1634,48.97480712547848
1635,48.97480712547848
1636,48.97480712547848
1637,48.97480712547848
1638,48.97480712547848
1639,48.97480712547848
1640,48.97480712547848
1641,48.97480712547848
1642,48.97480712547848
1643,48.97480712547848
1644,48.97480712547848
1645,48.97480712547848
1646,48.97480712547848
1647,48.97480712547848
1648,48.97480712547848
1649,48.97480712547848
1650,48.97480712547848
1651,48.97480712547848
1652,48.97480712547848
1653,48.97480712547848
1654,48.97480712547848
1655,48.97480712547848
1656,48.97480712547848
1657,48.97480712547848
1658,48.97480712547848
1659,48.97480712547848
1660,48.97480712547848
1661,48.97480712547848
1662,48.97480712547848
1663,48.97480712547848
1664,48.97480712547848
1665,48.97480712547848
1666,48.97480712547848
1667,48.97480712547848
1668,48.97480712547848
1669,48.97480712547848
1670,48.97480712547848
1671,48.97480712547848
1672,48.97480712547848
1673,48.97480712547848
1674,48.97480712547848
1675,48.97480712547848
1676,48.97480712547848
1677,48.97480712547848
1678,48.97480712547848
1679,48.97480712547848
1680,48.97480712547848
1681,48.97480712547848
1682,48.97480712547848
1683,48.97480712547848
1684,48.97480712547848
1685,48.97480712547848
1686,48.97480712547848
1687,48.97480712547848
1688,48.97480712547848
1689,48.97480712547848
1690,48.97480712547848
1691,48.97480712547848
1692,48.97480712547848
1693,48.97480712547848
1694,48.97480712547848
1695,48.97480712547848
1696,48.97480712547848
1697,48.97480712547848
1698,48.97480712547848
1699,48.97480712547848
1700,48.97480712547848
1701,48.97480712547848
1702,48.97480712547848
1703,48.97480712547848
1704,48.97480712547848
1705,48.97480712547848
1706,48.97480712547848
1707,48.97480712547848
1708,48.97480712547848
1709,48.97480712547848
1710,48.97480712547848
1711,48.97480712547848
1712,48.97480712547848
1713,48.97480712547848
1714,48.97480712547848
1715,48.97480712547848
1716,48.97480712547848
1717,48.97480712547848
1718,48.97480712547848
1719,48.97480712547848
1720,48.97480712547848
1721,48.97480712547848
1722,48.97480712547848
1723,48.97480712547848
1724,48.97480712547848
1725,48.97480712547848
1726,48.97480712547848
1727,48.97480712547848
1728,48.97480712547848
1729,48.97480712547848
1730,48.97480712547848
1731,48.97480712547848
1732,48.97480712547848
1733,48.97480712547848
1734,48.97480712547848
1735,48.97480712547848
1736,48.97480712547848
1737,48.97480712547848
1738,48.97480712547848
1739,48.97480712547848
1740,48.97480712547848
1741,48.97480712547848
1742,48.97480712547848
1743,48.97480712547848
1744,48.97480712547848
1745,48.97480712547848
1746,48.97480712547848
1747,48.97480712547848
1748,48.97480712547848
1749,48.97480712547848
1750,48.97480712547848
1751,48.97480712547848
1752,48.97480712547848
1753,48.97480712547848
1754,48.97480712547848
1755,48.97480712547848
1756,48.97480712547848
1757,48.97480712547848
1758,48.97480712547848
1759,48.97480712547848
1760,48.97480712547848
1761,48.97480712547848
1762,48.97480712547848
1763,48.97480712547848
1764,48.97480712547848
1765,48.97480712547848
1766,48.97480712547848
1767,48.97480712547848
1768,48.97480712547848
1769,48.97480712547848
1770,48.97480712547848
1771,48.97480712547848
1772,48.97480712547848
1773,48.97480712547848
1774,48.97480712547848
1775,48.97480712547848
1776,48.97480712547848
1777,48.97480712547848
1778,48.97480712547848
1779,48.97480712547848
1780,48.97480712547848
1781,48.97480712547848
1782,48.97480712547848
1783,48.97480712547848
1784,48.97480712547848
1785,48.97480712547848
1786,48.97480712547848
1787,48.97480712547848
1788,48.97480712547848
1789,48.97480712547848
1790,48.97480712547848
1791,48.97480712547848
1792,48.97480712547848
1793,48.97480712547848
1794,48.97480712547848
1795,48.97480712547848
1796,48.97480712547848
1797,48.97480712547848
1798,48.97480712547848
1799,48.97480712547848
1800,48.97480712547848
1801,48.97480712547848
1802,48.97480712547848
1803,48.97480712547848
1804,48.97480712547848
1805,48.97480712547848
1806,48.97480712547848
1807,48.97480712547848
1808,48.97480712547848
1809,48.97480712547848
1810,48.97480712547848
1811,48.97480712547848
1812,48.97480712547848
1813,48.97480712547848
1814,48.97480712547848
1815,48.97480712547848
1816,48.97480712547848
1817,48.97480712547848
1818,48.97480712547848
1819,48.97480712547848
1820,48.97480712547848
1821,48.97480712547848
1822,48.97480712547848
1823,48.97480712547848
1824,48.97480712547848
1825,48.97480712547848
1826,48.97480712547848
1827,48.97480712547848
1828,48.97480712547848
1829,48.97480712547848
1830,48.97480712547848
1831,48.97480712547848
1832,48.97480712547848
1833,48.97480712547848
1834,48.97480712547848
1835,48.97480712547848
1836,48.97480712547848
1837,48.97480712547848
1838,48.97480712547848
1839,48.97480712547848
1840,48.97480712547848
1841,48.97480712547848
1842,48.97480712547848
1843,48.97480712547848
1844,48.97480712547848
1845,48.97480712547848
1846,48.97480712547848
1847,48.97480712547848
1848,48.97480712547848
1849,48.97480712547848
1850,48.97480712547848
1851,48.97480712547848
1852,48.97480712547848
1853,48.97480712547848
1854,48.97480712547848
1855,48.97480712547848
1856,48.97480712547848
1857,48.97480712547848
1858,48.97480712547848
1859,48.97480712547848
1860,48.97480712547848
1861,48.97480712547848
1862,48.97480712547848
1863,48.97480712547848
1864,48.97480712547848
1865,48.97480712547848
1866,48.97480712547848
1867,48.97480712547848
1868,48.97480712547848
1869,48.97480712547848
1870,48.97480712547848
1871,48.97480712547848
1872,48.97480712547848
1873,48.97480712547848
1874,48.97480712547848
1875,48.97480712547848
1876,48.97480712547848
1877,48.97480712547848
1878,48.97480712547848
1879,48.97480712547848
1880,48.97480712547848
1881,48.97480712547848
1882,48.97480712547848
1883,48.97480712547848
1884,48.97480712547848
1885,48.97480712547848
1886,48.97480712547848
1887,48.97480712547848
1888,48.97480712547848
1889,48.97480712547848
1890,48.97480712547848
1891,48.97480712547848
1892,48.97480712547848
1893,48.97480712547848
1894,48.97480712547848
1895,48.97480712547848
1896,48.97480712547848
1897,48.97480712547848
1898,48.97480712547848
1899,48.97480712547848
1900,48.97480712547848
1901,48.97480712547848
1902,48.97480712547848
1903,48.97480712547848
1904,48.97480712547848
1905,48.97480712547848
1906,48.97480712547848
1907,48.97480712547848
1908,48.97480712547848
1909,48.97480712547848
1910,48.97480712547848
1911,48.97480712547848
1912,48.97480712547848
1913,48.97480712547848
1914,48.97480712547848
1915,48.97480712547848
1916,48.97480712547848
1917,48.97480712547848
1918,48.97480712547848
1919,48.97480712547848
1920,48.97480712547848
1921,48.97480712547848
1922,48.97480712547848
1923,48.97480712547848
1924,48.97480712547848
1925,48.97480712547848
1926,48.97480712547848
1927,48.97480712547848
1928,48.97480712547848
1929,48.97480712547848
1930,48.97480712547848
1931,48.97480712547848
1932,48.97480712547848
1933,48.97480712547848
1934,48.97480712547848
1935,48.97480712547848
1936,48.97480712547848
1937,48.97480712547848
1938,48.97480712547848
1939,48.97480712547848
1940,48.97480712547848
1941,48.97480712547848
1942,48.97480712547848
1943,48.97480712547848
1944,48.97480712547848
1945,48.97480712547848
1946,48.97480712547848
1947,48.97480712547848
1948,48.97480712547848
1949,48.97480712547848
1950,48.97480712547848
1951,48.97480712547848
1952,48.97480712547848
1953,48.97480712547848
1954,48.97480712547848
1955,48.97480712547848
1956,48.97480712547848
1957,48.97480712547848
1958,48.97480712547848
1959,48.97480712547848
1960,48.97480712547848
1961,48.97480712547848
1962,48.97480712547848
1963,48.97480712547848
1964,48.97480712547848
1965,48.97480712547848
1966,48.97480712547848
1967,48.97480712547848
1968,48.97480712547848
1969,48.97480712547848
1970,48.97480712547848
1971,48.97480712547848
1972,48.97480712547848
1973,48.97480712547848
1974,48.97480712547848
1975,48.97480712547848
1976,48.97480712547848
1977,48.97480712547848
1978,48.97480712547848
1979,48.97480712547848
1980,48.97480712547848
1981,48.97480712547848
1982,48.97480712547848
1983,48.97480712547848
1984,48.97480712547848
1985,48.97480712547848
1986,48.97480712547848
1987,48.97480712547848
1988,48.97480712547848
1989,48.97480712547848
1990,48.97480712547848
1991,48.97480712547848
1992,48.97480712547848
1993,48.97480712547848
1994,48.97480712547848
1995,48.97480712547848
1996,48.97480712547848
1997,48.97480712547848
1998,48.97480712547848
1999,48.97480712547848
